{
    "l": [
        0.09938650306748466,
        0.024612053410321185,
        0.027535185853482497,
        0.03403103572717431,
        0.1314326957776976,
        0.016383976903644893,
        0.0158065680259834,
        0.02147239263803681,
        0.094009382894262,
        0.0025261638397690365,
        0.0158065680259834,
        0.0,
        0.02551425478166727,
        0.048357993504150126,
        0.0596535546734031,
        0.023024178996752076,
        0.0007217610970768675,
        0.16604114038253337,
        0.05171418260555756,
        0.052580295922049804,
        0.0414290869722122,
        0.009599422591122338,
        0.011945146156622158,
        0.0027426921688920966,
        0.020570191266690727,
        0.0031035727174305305
    ],
    "a": [
        0.0,
        0.013170669931191693,
        0.025898096162775972,
        0.019903752796656675,
        0.23202752332306134,
        0.008885980834986703,
        0.013487272573768416,
        0.019903752796656675,
        0.11186626704377559,
        0.0021106842838448225,
        0.006099877580311537,
        0.05622862932162607,
        0.021697834437924775,
        0.05540546245092659,
        0.10728608214783232,
        0.01652665794250496,
        0.0008864873992148254,
        0.0815357338849255,
        0.04145383933471231,
        0.049981003841445396,
        0.07609016843260585,
        0.007577356579002913,
        0.00985689560555532,
        0.002237325340875512,
        0.01749757271307358,
        0.0023850732407446496
    ],
    "i": [
        0.1306656694091249,
        0.010969832959361756,
        0.033831962104213416,
        0.022837197706307655,
        0.17070555971079532,
        0.013861879830466217,
        0.014659685863874346,
        0.021042134131139367,
        0.0,
        0.0019446522064323112,
        0.006407379705809025,
        0.0568686113188731,
        0.020418848167539267,
        0.07835951134380453,
        0.08955372725006233,
        0.014510097232610321,
        0.0010471204188481676,
        0.06175517327349788,
        0.049738219895287955,
        0.0768636250311643,
        0.05597107953128896,
        0.016355023684866618,
        0.006930939915233109,
        0.0030914983794564947,
        0.038544003989030164,
        0.0030665669409124905
    ],
    "n": [
        0.07699645273794974,
        0.011416818195367693,
        0.03684383104301428,
        0.0494231973052732,
        0.12460130563090589,
        0.0136524875547739,
        0.053745491400125196,
        0.016335290786061347,
        0.09813098041553642,
        0.0028914657048320267,
        0.012877455510179749,
        0.03365427609026143,
        0.06605657733925538,
        0.0,
        0.08653530867141622,
        0.01409962142665514,
        0.0018183444123170476,
        0.06626523981279996,
        0.07505887262646437,
        0.07371747101082064,
        0.036366888246340955,
        0.014844844546457209,
        0.012400512713506423,
        0.004024204846931171,
        0.014725608847288879,
        0.0035174531254657643
    ],
    "e": [
        0.1739730866814401,
        0.0077239297299033305,
        0.0232681375855092,
        0.04298744259241417,
        0.0,
        0.010774962263544978,
        0.017262420914025113,
        0.021325111603558468,
        0.11799466872209911,
        0.0014934001348877542,
        0.011288820374474099,
        0.05644410187237049,
        0.02349295050904069,
        0.06301185085268331,
        0.06890516106240165,
        0.01663615634133025,
        0.0011561807495905194,
        0.10020233163117834,
        0.0804027362944407,
        0.055914185695474836,
        0.041815203776857116,
        0.013681472203487812,
        0.009666955711854065,
        0.003564890644570768,
        0.03372193852972348,
        0.003291903523139673
    ],
    "s": [
        0.0620372066249771,
        0.013239488212669091,
        0.058583427091237344,
        0.0837018237002538,
        0.15576022397236977,
        0.013841283131426777,
        0.022187917004631203,
        0.025903346503048222,
        0.05486799759282032,
        0.002694994636175724,
        0.014652398021926267,
        0.03485177529501034,
        0.02459509667966195,
        0.07964624924775635,
        0.03281090557052775,
        0.025824851513645046,
        0.002354849682095293,
        0.06802899081608624,
        0.0,
        0.1124571548182841,
        0.028441351160417593,
        0.00711687903922133,
        0.013056333237395013,
        0.0046835343677228605,
        0.022868206912792066,
        0.035793715167848454
    ],
    "z": [
        0.039112903225806454,
        0.00967741935483871,
        0.0625,
        0.020967741935483872,
        0.06854838709677419,
        0.013709677419354839,
        0.024193548387096774,
        0.01532258064516129,
        0.06370967741935483,
        0.008467741935483872,
        0.012096774193548387,
        0.028225806451612902,
        0.016129032258064516,
        0.04717741935483871,
        0.028225806451612902,
        0.014919354838709677,
        0.00282258064516129,
        0.03346774193548387,
        0.3774193548387097,
        0.05967741935483871,
        0.013709677419354839,
        0.008064516129032258,
        0.008870967741935484,
        0.008467741935483872,
        0.014516129032258065,
        0.0
    ],
    "o": [
        0.14820955871658376,
        0.012275649416761207,
        0.025540332198853884,
        0.018093492742240452,
        0.13218140035488846,
        0.011810221950722868,
        0.01186840038397766,
        0.022515053669604677,
        0.11112080751665358,
        0.002472583413328679,
        0.007272304156849056,
        0.04692090641999011,
        0.02402769293422928,
        0.07868633097710678,
        0.0,
        0.0269657038135963,
        0.0010763010152136604,
        0.0924164412252378,
        0.0323181196730372,
        0.03729237571632196,
        0.10021235128138,
        0.018704366291415774,
        0.016231782878087093,
        0.002734386362975245,
        0.016900834860517206,
        0.002152602030427321
    ],
    "g": [
        0.0538497874350496,
        0.01999685088962368,
        0.03353802550779405,
        0.07408282160289718,
        0.10982522437411431,
        0.028814359943316013,
        0.0,
        0.03692331916233664,
        0.055739253660840815,
        0.012045347189418989,
        0.018737206739096204,
        0.034089119823649816,
        0.02227995591245473,
        0.1535978586049441,
        0.03700204692174461,
        0.0180286569044245,
        0.0051960321209258385,
        0.06211620217288616,
        0.0641631239174933,
        0.08085340891198237,
        0.02975909305621162,
        0.010785703038891514,
        0.011651708392379154,
        0.0036214769327664936,
        0.017792473626200598,
        0.005510943158557708
    ],
    "f": [
        0.056786519835478305,
        0.04325328379992039,
        0.045376144354517714,
        0.04564150192384238,
        0.08093405864402282,
        0.0,
        0.02494361151651851,
        0.03781345362876476,
        0.08119941621334749,
        0.006766618017778957,
        0.016054132944142232,
        0.05572508955817965,
        0.03489452036619345,
        0.052540798726283665,
        0.05585776834284198,
        0.04152845959931007,
        0.004113042324532307,
        0.061032240944672946,
        0.06527796205386759,
        0.0697890407323869,
        0.03860952633673875,
        0.028393259917739153,
        0.02879129627172615,
        0.006103224094467295,
        0.014329308743531909,
        0.0042457211091946395
    ],