{"box":{"vertices":[[0.0,0.0,0.0],[0.0,0.0,1.0],[0.0,1.0,0.0],[0.0,1.0,1.0],[1.0,0.0,0.0],[1.0,0.0,1.0],[1.0,1.0,0.0],[1.0,1.0,1.0]],"faces":[[1,3,0],[4,1,0],[0,3,2],[2,4,0],[1,7,3],[5,1,4],[5,7,1],[3,7,2],[6,4,2],[2,7,6],[6,5,4],[7,5,6]],"face_normals":[[-1,0,0],[0,-1,0],[-1,0,0],[0,0,-1],[0,0,1],[0,-1,0],[0,0,1],[0,1,0],[0,0,-1],[0,1,0],[1,0,0],[1,0,0]]},"icosahedron":{"vertices":[[-0.5257311121191336,0.85065080835204,0.0],[0.5257311121191336,0.85065080835204,0.0],[-0.5257311121191336,-0.85065080835204,0.0],[0.5257311121191336,-0.85065080835204,0.0],[0.0,-0.5257311121191336,0.85065080835204],[0.0,0.5257311121191336,0.85065080835204],[0.0,-0.5257311121191336,-0.85065080835204],[0.0,0.5257311121191336,-0.85065080835204],[0.85065080835204,0.0,-0.5257311121191336],[0.85065080835204,0.0,0.5257311121191336],[-0.85065080835204,0.0,-0.5257311121191336],[-0.85065080835204,0.0,0.5257311121191336]],"faces":[[0,11,5],[0,5,1],[0,1,7],[0,7,10],[0,10,11],[1,5,9],[5,11,4],[11,10,2],[10,7,6],[7,1,8],[3,9,4],[3,4,2],[3,2,6],[3,6,8],[3,8,9],[4,9,5],[2,4,11],[6,2,10],[8,6,7],[9,8,1]]}}