{
  "microinches": 0.001,
  "mils": 0.001,
  "inches": 1.0,
  "feet": 12.0,
  "foot": 12.0,
  "yards": 36.0,
  "miles": 63360,
  "angstroms": 3.937007874015748e-9,
  "nanometers": 3.937007874015748e-8,
  "microns": 3.937007874015748e-5,
  "millimeters": 0.03937007874015748,
  "centimeters": 0.39370078740157477,
  "cm": 0.39370078740157477,
  "meters": 39.37007874015748,
  "kilometers": 39370.07874015748,
  "decimeters": 3.937007874015748,
  "decameters": 393.70078740157476,
  "hectometers": 3937.0078740157483,
  "gigameters": 39370078740.15748,
  "au": 5889679948818.897,
  "light years": 3.72461748e17,
  "parsecs": 1.21483369e18,
  "mm": 0.03937007874015748,
  "millimeter": 0.03937007874015748,
  "in": 1.0,
  "\"": 1.0,
  "inch": 1.0,
  "'": 12.0,
  "m": 39.37007874015748,
  "meter": 39.37007874015748,
  "microinch": 0.001,
  "mil": 0.001,
  "yard": 36.0,
  "mile": 63360,
  "angstrom": 3.937007874015748e-9,
  "nanometer": 3.937007874015748e-8,
  "micron": 3.937007874015748e-5,
  "centimeter": 0.39370078740157477,
  "kilometer": 39370.07874015748,
  "decimeter": 3.937007874015748,
  "decameter": 393.70078740157476,
  "hectometer": 3937.0078740157483,
  "gigameter": 39370078740.15748,
  "light year": 3.72461748e17,
  "parsec": 1.21483369e18
}
